{
  "version": 1,
  "name": "SafeMyLife",
  "createdAtMillis": 1501000987938,
  "home": {
    "w": "world",
    "lx": 24386.988457209452,
    "ly": 57.0,
    "lz": 24497.87767271965,
    "p": -3.750015,
    "y": 90.81443
  },
  "invitations": {},
  "relationWishes": {
    "dfb91e86-46f1-4da7-ace9-81825fbbc129": "ALLY"
  }
}